ID,Image Src,Image Command,Image Position
9848782618913,https://cdn.shopify.com/s/files/1/0906/3789/3921/files/etceteraspring20242JK2798conversation01.jpg?v=1738176108,MERGE,1
9848782029089,https://cdn.shopify.com/s/files/1/0906/3789/3921/files/etceteraspring20242PT2800conversation01.jpg?v=1738176126,MERGE,1
9855068078369,https://cdn.shopify.com/s/files/1/0906/3789/3921/files/IMG_0303.jpg?v=1739289450,MERGE,1
9848781865249,https://cdn.shopify.com/s/files/1/0906/3789/3921/files/etceteraspring20242DR2802conversation01.jpg?v=1738176118,MERGE,1
9873107845409,https://cdn.shopify.com/s/files/1/0906/3789/3921/files/21_80ffa2f6-ade1-4595-87df-9ab787e5b1d1.jpg?v=1740784192,MERGE,1
9873106960673,https://cdn.shopify.com/s/files/1/0906/3789/3921/files/71.jpg?v=1739920020,MERGE,1
9873107452193,https://cdn.shopify.com/s/files/1/0906/3789/3921/files/70.jpg?v=1739920028,MERGE,1
9873104109857,https://cdn.shopify.com/s/files/1/0906/3789/3921/files/86.jpg?v=1739920017,MERGE,1
9873102176545,https://cdn.shopify.com/s/files/1/0906/3789/3921/files/20_0ad933ae-b57b-41ff-abf0-3bd58a1bcb4a.jpg?v=1739920006,MERGE,1
9911183868193,https://cdn.shopify.com/s/files/1/0906/3789/3921/files/N25KD50119-0002_10.jpg?v=1742631336,MERGE,1
9917205053729,https://cdn.shopify.com/s/files/1/0906/3789/3921/files/190076306---ss25---earmanimain---ew000831af10206ub115.jpg?v=1744237148,MERGE,1
9917244375329,https://cdn.shopify.com/s/files/1/0906/3789/3921/files/190075740---ss25---earmanimain---ew000831af10206u8011.jpg?v=1744231330,MERGE,1
9917254238497,https://cdn.shopify.com/s/files/1/0906/3789/3921/files/190068271---ss25---harriswharflondon---a2220pxepx02.jpg?v=1744234869,MERGE,1
9917262725409,https://cdn.shopify.com/s/files/1/0906/3789/3921/files/190068305---ss25---paroshpre---d420409panty25003.jpg?v=1744219274,MERGE,1
9917290447137,https://cdn.shopify.com/s/files/1/0906/3789/3921/files/190071168---ss25---goldengoose---gwp02069p00187055550.jpg?v=1744224979,MERGE,1
9917523427617,https://cdn.shopify.com/s/files/1/0906/3789/3921/files/190056550---ss25---normakamalipre---kk4246plf32001.jpg?v=1744254432,MERGE,1
9917717578017,https://cdn.shopify.com/s/files/1/0906/3789/3921/files/190058591---ss25---fortefortepre---13561myjacket3088.jpg?v=1744218863,MERGE,1
9921866924321,https://cdn.shopify.com/s/files/1/0906/3789/3921/files/190078334---ss25---earmanicapsulemain---ew001421te12255o8002.jpg?v=1744239487,MERGE,1
9921877311777,https://cdn.shopify.com/s/files/1/0906/3789/3921/files/190079401---ss25---earmanimain---ew000632af12364uc001.jpg?v=1744228818,MERGE,1
9921877508385,https://cdn.shopify.com/s/files/1/0906/3789/3921/files/190079386---ss25---earmanimain---ew000632af12364u0006.jpg?v=1744229891,MERGE,1
9930026582305,https://cdn.shopify.com/s/files/1/0906/3789/3921/files/190074058---ss25---earmanicapsulemain---ew000669af12367u8012.jpg?v=1744231208,MERGE,1
9931231658273,https://cdn.shopify.com/s/files/1/0906/3789/3921/files/190075563---ss25---earmanimain---ew001538te14039uc001.jpg?v=1744233007,MERGE,1
9931234705697,https://cdn.shopify.com/s/files/1/0906/3789/3921/files/190081887---ss25---earmanimain---ew000835af12516uc001.jpg?v=1744245487,MERGE,1
9950044717345,https://cdn.shopify.com/s/files/1/0906/3789/3921/files/190052173---ss25---normakamalimain---kk4266pl107012.jpg?v=1744308667,MERGE,1
9950042849569,https://cdn.shopify.com/s/files/1/0906/3789/3921/files/190052158---ss25---normakamalimain---kk1263pl015001.jpg?v=1744308613,MERGE,1
9980160868641,https://cdn.shopify.com/s/files/1/0906/3789/3921/files/190091063---ss25---scervinomain---d465n709apqbj11001.jpg?v=1746583986,MERGE,1
9984094503201,https://cdn.shopify.com/s/files/1/0906/3789/3921/files/190080738---ss25---circolo1901---fd33821018.jpg?v=1747062428,MERGE,1
9984093651233,https://cdn.shopify.com/s/files/1/0906/3789/3921/files/190080784---ss25---circolo1901---cn4717678.jpg?v=1747062253,MERGE,1
9984089882913,https://cdn.shopify.com/s/files/1/0906/3789/3921/files/190080781---ss25---circolo1901---cn47281088t.jpg?v=1747061421,MERGE,1
9984093192481,https://cdn.shopify.com/s/files/1/0906/3789/3921/files/190080731---ss25---circolo1901---fd3517sky.jpg?v=1747062195,MERGE,1
9984093618465,https://cdn.shopify.com/s/files/1/0906/3789/3921/files/190080775---ss25---circolo1901---cn4717ottico.jpg?v=1747062253,MERGE,1
9980158968097,https://cdn.shopify.com/s/files/1/0906/3789/3921/files/190090852---ss25---scervinopre---d462o335oex10602.jpg?v=1746583516,MERGE,1
10008848761121,https://cdn.shopify.com/s/files/1/0906/3789/3921/files/6402403CU704_Q_STELL-9940.a.jpg?v=1749079752,MERGE,1
10012457926945,https://cdn.shopify.com/s/files/1/0906/3789/3921/files/190074530---ss25---alysimain---105840p5211ne.jpg?v=1749489855,MERGE,1
10012469362977,https://cdn.shopify.com/s/files/1/0906/3789/3921/files/190067663---ss25---ermannofirenze---d46ei021es1mf010.jpg?v=1749492075,MERGE,1
10012474147105,https://cdn.shopify.com/s/files/1/0906/3789/3921/files/190075058---ss25---alysimain---105843p5240me.jpg?v=1749492917,MERGE,1
10013559095585,https://cdn.shopify.com/s/files/1/0906/3789/3921/files/S51KA0601M35289_Q_MARGI-860.x.jpg?v=1749579790,MERGE,1
10022043287841,https://cdn.shopify.com/s/files/1/0906/3789/3921/files/ZORACO_Q_LOULO-MI.x.jpg?v=1750251312,MERGE,1
10022353633569,https://cdn.shopify.com/s/files/1/0906/3789/3921/files/JUNOWO_P_LOULO-BE.x.jpg?v=1750298588,MERGE,1
10022392332577,https://cdn.shopify.com/s/files/1/0906/3789/3921/files/GWP02462P002090_R_GOLDE-40190.a.jpg?v=1750309327,MERGE,1
10022724567329,https://cdn.shopify.com/s/files/1/0906/3789/3921/files/190099384---fw25---pspaulsmithpre---w2r585nt3133049.jpg?v=1750335189,MERGE,1
10023487209761,https://cdn.shopify.com/s/files/1/0906/3789/3921/files/190099787---fw25---brunellocucinellipre---m19251500pcot75.jpg?v=1750388773,MERGE,1
10028715475233,https://cdn.shopify.com/s/files/1/0906/3789/3921/files/BZCHD03ZEM_R_BLAZE-MV01.a.jpg?v=1750780995,MERGE,1
10028715311393,https://cdn.shopify.com/s/files/1/0906/3789/3921/files/416-32-221PL_R_ROHE-001.a.jpg?v=1750780995,MERGE,1
10028713967905,https://cdn.shopify.com/s/files/1/0906/3789/3921/files/416-23-320WO_R_ROHE-241.a.jpg?v=1750780749,MERGE,1
10028713738529,https://cdn.shopify.com/s/files/1/0906/3789/3921/files/416-20-206CO_R_ROHE-100.a.jpg?v=1750780749,MERGE,1
10028667339041,https://cdn.shopify.com/s/files/1/0906/3789/3921/files/FBC946AF0932_R_THOMB-415.a.jpg?v=1750768690,MERGE,1
10028515852577,https://cdn.shopify.com/s/files/1/0906/3789/3921/files/190100936---fw25---brunellocucinellipre---mbm738200pc509.jpg?v=1750735692,MERGE,1
10028715966753,https://cdn.shopify.com/s/files/1/0906/3789/3921/files/6402873CU703_R_STELL-1230.a.jpg?v=1750781056,MERGE,1
10028715442465,https://cdn.shopify.com/s/files/1/0906/3789/3921/files/416-32-018WO_R_ROHE-251.a.jpg?v=1750780995,MERGE,1
10028715606305,https://cdn.shopify.com/s/files/1/0906/3789/3921/files/6402243CU703_R_STELL-6105.a.jpg?v=1750780996,MERGE,1
10028713902369,https://cdn.shopify.com/s/files/1/0906/3789/3921/files/416-23-304WO_R_ROHE-241.a.jpg?v=1750780749,MERGE,1
10028716622113,https://cdn.shopify.com/s/files/1/0906/3789/3921/files/251WCH00043CCC052A_R_ATTIC-001.x.jpg?v=1750781110,MERGE,1
10028937019681,https://cdn.shopify.com/s/files/1/0906/3789/3921/files/isadora-pants-brown-542378.jpg?v=1750834584,MERGE,1
10028936921377,https://cdn.shopify.com/s/files/1/0906/3789/3921/files/isadora-pants-229553.jpg?v=1750834583,MERGE,1
10028937150753,https://cdn.shopify.com/s/files/1/0906/3789/3921/files/isadora-jacket-brown-733726.jpg?v=1750956439,MERGE,1
10028936331553,https://cdn.shopify.com/s/files/1/0906/3789/3921/files/isadora-jacket-526338.jpg?v=1750834582,MERGE,1
10034556895521,https://cdn.shopify.com/s/files/1/0906/3789/3921/files/25a-dior-593c105a1032889_ad8abc16-e2c1-4096-a756-9a1773b9d77d.jpg?v=1751043326,MERGE,1
10034572329249,https://cdn.shopify.com/s/files/1/0906/3789/3921/files/25a-brunello-cucinelli-mg5307497c6286.jpg?v=1751043748,MERGE,1
10034594218273,https://cdn.shopify.com/s/files/1/0906/3789/3921/files/image_9c019fd6-56c0-468b-a43e-b33027db585e.jpg?v=1751044078,MERGE,1
10034597495073,https://cdn.shopify.com/s/files/1/0906/3789/3921/files/25p-sacai-2507762151_3e19ea48-6350-4075-ada6-42cf2f5bbd93.jpg?v=1751044155,MERGE,1
10034614141217,https://cdn.shopify.com/s/files/1/0906/3789/3921/files/25p-rohe-41520122101.jpg?v=1751044557,MERGE,1
10034611781921,https://cdn.shopify.com/s/files/1/0906/3789/3921/files/25a-dior-540p02a16100200.jpg?v=1751044516,MERGE,1
10034611355937,https://cdn.shopify.com/s/files/1/0906/3789/3921/files/25a-dior-541v72a77574810.jpg?v=1751044511,MERGE,1
10034634260769,https://cdn.shopify.com/s/files/1/0906/3789/3921/files/2025_06_20_08_09_42_25a-valentino-7b3ab7r89mk7bt.jpg?v=1751045064,MERGE,1
10039193993505,https://cdn.shopify.com/s/files/1/0906/3789/3921/files/190104097---fw25---balmainpre---ff1lc016ki72oin.jpg?v=1751299809,MERGE,1
10039008985377,https://cdn.shopify.com/s/files/1/0906/3789/3921/files/190104070---fw25---balmainpre---ff1kl235ki72oin.jpg?v=1751296152,MERGE,1
10039008133409,https://cdn.shopify.com/s/files/1/0906/3789/3921/files/190104059---fw25---balmainpre---ff1kl191ki64gab.jpg?v=1751296091,MERGE,1
10039010296097,https://cdn.shopify.com/s/files/1/0906/3789/3921/files/190104092---fw25---balmainpre---ff1lb039ki64gab.jpg?v=1751296210,MERGE,1